{"count":1,"self":34.0525152,"total":37.349406699999996,"children":{"InitializeActuators":{"count":16,"self":0.0010000999999999999,"total":0.0010000999999999999,"children":null},"InitializeSensors":{"count":16,"self":0.0040000999999999995,"total":0.0040000999999999995,"children":null},"AgentSendState":{"count":2298,"self":0.8054703,"total":0.8524398,"children":{"CollectObservations":{"count":2489,"self":0.028978999999999998,"total":0.028978999999999998,"children":null},"WriteActionMask":{"count":2489,"self":0.000998,"total":0.000998,"children":null},"RequestDecision":{"count":2489,"self":0.0169925,"total":0.0169925,"children":null}}},"DecideAction":{"count":2298,"self":1.9039039999999998,"total":1.9398906999999999,"children":{"RayPerceptionSensor.Perceive":{"count":9956,"self":0.035986699999999996,"total":0.035986699999999996,"children":null}}},"AgentAct":{"count":2298,"self":0.498562,"total":0.498562,"children":null}},"gauges":{"DodgeBall.CumulativeReward":{"count":8,"max":72.0000458,"min":46.5001068,"runningAverage":61.8751144,"value":68.00011,"weightedAverage":63.22415}},"metadata":{"timer_format_version":"0.1.0","start_time_seconds":"1639377943","unity_version":"2020.3.18f1","command_line_arguments":"C:\\Program Files\\Unity\\Hub\\Editor\\2020.3.18f1\\Editor\\Unity.exe -projectpath C:\/Users\/Gabriel\/Desktop\/310-Final-Project -useHub -hubIPC -cloudEnvironment production -hubSessionId 35edd4a0-5664-11ec-9dbd-e3a2684a2daa -accessToken Ya48Fs0_MKn8COqnLTbjQHzkDe8SRpxbDyDC9nuQvLw003f","communication_protocol_version":"1.5.0","com.unity.ml-agents_version":"2.1.0-exp.1","scene_name":"Elimination_Training","end_time_seconds":"1639377980"}}